SampleID,Target
0,-0.074230287501630493
1,0.011269115319853534
2,1.5387011188461321
3,2.0477212479932518
